{"cameraMode":{"drawMode":0,"name":"Shaded","section":"Shading Mode"},"sceneLighting":true,"audioPlay":false,"sceneViewState":{"m_AlwaysRefresh":false,"showFog":true,"showSkybox":true,"showFlares":true,"showImageEffects":true,"showParticleSystems":true,"showVisualEffectGraphs":true,"m_FxEnabled":true},"in2DMode":false,"pivot":{"x":-0.6469192504882813,"y":-2.1167726516723635,"z":-2.6104068756103517},"rotation":{"x":0.20932066440582276,"y":0.49736639857292178,"z":-0.12504538893699647,"w":0.8325716853141785},"size":13.418750762939454,"orthographic":false}